SA3 code,SA3 Name,num
10102,Queanbeyan,"7,128"
10103,Snowy Mountains,"1,605"
10104,South Coast,"10,626"
10105,Goulburn - Mulwaree,"4,740"
10106,Young - Yass,"3,884"
10201,Gosford,"31,307"
10202,Wyong,"30,320"
10301,Bathurst,"6,628"
10302,Lachlan Valley,"6,409"
10303,Lithgow - Mudgee,"5,944"
10304,Orange,"8,030"
10401,Clarence Valley,"7,985"
10402,Coffs Harbour,"19,873"
10501,Bourke - Cobar - Coonamble,"1,517"
10502,Broken Hill and Far West,"2,340"
10503,Dubbo,"8,220"
10601,Lower Hunter,"14,025"
10602,Maitland,"13,291"
10603,Port Stephens,"11,887"
10604,Upper Hunter,"3,880"
10701,Dapto - Port Kembla,"14,572"
10703,Kiama - Shellharbour,"17,866"
10704,Wollongong,"25,385"
10801,Great Lakes,"5,488"
10802,Kempsey - Nambucca,"8,234"
10803,Lord Howe Island,14
10804,Port Macquarie,"14,361"
10805,Taree - Gloucester,"9,722"
10901,Albury,"8,466"
10902,Lower Murray,"1,154"
10903,Upper Murray exc. Albury,"4,498"
11001,Armidale,"4,263"
11002,Inverell - Tenterfield,"3,552"
11003,Moree - Narrabri,"1,616"
11004,Tamworth - Gunnedah,"8,373"
11101,Lake Macquarie - East,"20,344"
11102,Lake Macquarie - West,"13,252"
11103,Newcastle,"30,589"
11201,Richmond Valley - Coastal,"17,403"
11202,Richmond Valley - Hinterland,"12,300"
11203,Tweed Valley,"19,432"
11301,Griffith - Murrumbidgee (West),"5,172"
11302,Tumut - Tumbarumba,"1,642"
11303,Wagga Wagga,"11,501"
11401,Shoalhaven,"18,082"
11402,Southern Highlands,"7,480"
11501,Baulkham Hills,"20,179"
11502,Dural - Wisemans Ferry,"4,093"
11503,Hawkesbury,"4,002"
11504,Rouse Hill - McGraths Hill,"5,339"
11601,Blacktown,"19,353"
11602,Blacktown - North,"13,633"
11603,Mount Druitt,"14,255"
11701,Botany,"5,909"
11702,Marrickville - Sydenham - Petersham,"11,453"
11703,Sydney Inner City,"34,956"
11801,Eastern Suburbs - North,"24,600"
11802,Eastern Suburbs - South,"20,516"
11901,Bankstown,"21,706"
11902,Canterbury,"15,293"
11903,Hurstville,"14,284"
11904,Kogarah - Rockdale,"16,291"
12001,Canada Bay,"11,601"
12002,Leichhardt,"11,200"
12003,Strathfield - Burwood - Ashfield,"20,392"
12101,Chatswood - Lane Cove,"14,791"
12102,Hornsby,"12,148"
12103,Ku-ring-gai,"16,591"
12104,North Sydney - Mosman,"14,531"
12201,Manly,"6,105"
12202,Pittwater,"8,801"
12203,Warringah,"21,967"
12301,Camden,"9,556"
12302,Campbelltown (NSW),"23,474"
12303,Wollondilly,"6,225"
12401,Blue Mountains,"15,929"
12403,Penrith,"24,106"
12404,Richmond - Windsor,"6,434"
12405,St Marys,"7,674"
12501,Auburn,"8,539"
12502,Carlingford,"8,751"
12503,Merrylands - Guildford,"18,272"
12504,Parramatta,"18,419"
12601,Pennant Hills - Epping,"5,883"
12602,Ryde - Hunters Hill,"16,735"
12701,Bringelly - Green Valley,"12,584"
12702,Fairfield,"20,512"
12703,Liverpool,"14,811"
12801,Cronulla - Miranda - Caringbah,"17,884"
12802,Sutherland - Menai - Heathcote,"18,136"
20101,Ballarat,"21,369"
20102,Creswick - Daylesford - Ballan,"5,069"
20103,Maryborough - Pyrenees,"3,980"
20201,Bendigo,"16,881"
20202,Heathcote - Castlemaine - Kyneton,"9,136"
20203,Loddon - Elmore,"1,463"
20301,Barwon - West,"3,043"
20302,Geelong,"36,111"
20303,Surf Coast - Bellarine Peninsula,"13,343"
20401,Upper Goulburn Valley,"8,455"
20402,Wangaratta - Benalla,"6,045"
20403,Wodonga - Alpine,"9,975"
20501,Baw Baw,"9,329"
20502,Gippsland - East,"5,410"
20503,Gippsland - South West,"10,192"
20504,Latrobe Valley,"12,545"
20505,Wellington,"6,808"
20601,Brunswick - Coburg,"19,774"
20602,Darebin - South,"12,774"
20603,Essendon,"11,594"
20604,Melbourne City,"19,469"
20605,Port Phillip,"22,592"
20606,Stonnington - West,"12,320"
20607,Yarra,"18,926"
20701,Boroondara,"26,683"
20702,Manningham - West,"11,685"
20703,Whitehorse - West,"15,458"
20801,Bayside,"16,854"
20802,Glen Eira,"28,878"
20803,Kingston,"21,734"
20804,Stonnington - East,"6,905"
20901,Banyule,"22,390"
20902,Darebin - North,"16,534"
20903,Nillumbik - Kinglake,"13,122"
20904,Whittlesea - Wallan,"36,404"
21001,Keilor,"9,574"
21002,Macedon Ranges,"5,764"
21003,Moreland - North,"12,646"
21004,Sunbury,"8,758"
21005,Tullamarine - Broadmeadows,"27,861"
21101,Knox,"25,204"
21102,Manningham - East,"3,867"
21103,Maroondah,"19,958"
21104,Whitehorse - East,"8,925"
21105,Yarra Ranges,"30,888"
21201,Cardinia,"18,285"
21202,Casey - North,"21,217"
21203,Casey - South,"27,335"
21204,Dandenong,"23,086"
21205,Monash,"21,823"
21301,Brimbank,"25,890"
21302,Hobsons Bay,"15,110"
21303,Maribyrnong,"14,805"
21304,Melton - Bacchus Marsh,"28,941"
21305,Wyndham,"34,426"
21401,Frankston,"30,062"
21402,Mornington Peninsula,"31,662"
21501,Grampians,"5,930"
21502,Mildura,"7,833"
21503,Murray River - Swan Hill,"3,791"
21601,Campaspe,"5,183"
21602,Moira,"4,113"
21603,Shepparton,"10,733"
21701,Glenelg - Southern Grampians,"4,993"
21703,Colac - Corangamite,"5,275"
21704,Warrnambool,"7,321"
30101,Capalaba,"11,449"
30102,Cleveland - Stradbroke,"14,183"
30103,Wynnum - Manly,"11,199"
30201,Bald Hills - Everton Park,"6,799"
30202,Chermside,"11,207"
30203,Nundah,"6,002"
30204,Sandgate,"8,999"
30301,Carindale,"8,055"
30302,Holland Park - Yeronga,"12,825"
30303,Mt Gravatt,"10,641"
30304,Nathan,"6,459"
30305,Rocklea - Acacia Ridge,"8,059"
30306,Sunnybank,"5,920"
30401,Centenary,"4,789"
30402,Kenmore - Brookfield - Moggill,"7,246"
30403,Sherwood - Indooroopilly,"6,901"
30404,The Gap - Enoggera,"9,010"
30501,Brisbane Inner,"12,142"
30502,Brisbane Inner - East,"6,906"
30503,Brisbane Inner - North,"14,742"
30504,Brisbane Inner - West,"9,423"
30601,Cairns - North,"8,549"
30602,Cairns - South,"14,085"
30603,Innisfail - Cassowary Coast,"2,357"
30604,Port Douglas - Daintree,"1,398"
30605,Tablelands (East) - Kuranda,"4,573"
30701,Darling Downs (West) - Maranoa,"3,351"
30702,Darling Downs - East,"5,523"
30703,Granite Belt,"5,060"
30801,Central Highlands (Qld),"2,529"
30803,Rockhampton,"15,743"
30804,Biloela,"1,038"
30805,Gladstone,"7,194"
30901,Broadbeach - Burleigh,"12,419"
30902,Coolangatta,"11,479"
30903,Gold Coast - North,"13,420"
30904,Gold Coast Hinterland,"3,875"
30905,Mudgeeraba - Tallebudgera,"6,410"
30906,Nerang,"13,270"
30907,Ormeau - Oxenford,"25,776"
30908,Robina,"9,455"
30909,Southport,"12,377"
30910,Surfers Paradise,"6,794"
31001,Forest Lake - Oxley,"10,136"
31002,Ipswich Hinterland,"10,586"
31003,Ipswich Inner,"20,297"
31004,Springfield - Redbank,"14,382"
31101,Beaudesert,"2,775"
31102,Beenleigh,"7,743"
31103,Browns Plains,"13,829"
31104,Jimboomba,"9,039"
31105,Loganlea - Carbrook,"10,538"
31106,Springwood - Kingston,"14,240"
31201,Bowen Basin - North,"2,450"
31202,Mackay,"12,810"
31203,Whitsunday,"2,642"
31301,Bribie - Beachmere,"5,660"
31302,Caboolture,"12,396"
31303,Caboolture Hinterland,"1,526"
31304,Narangba - Burpengary,"11,181"
31305,Redcliffe,"11,567"
31401,The Hills District,"14,974"
31402,North Lakes,"12,421"
31403,Strathpine,"6,985"
31501,Far North,925
31502,Outback - North,"1,860"
31503,Outback - South,836
31601,Buderim,"10,237"
31602,Caloundra,"15,696"
31603,Maroochy,"11,375"
31605,Noosa,"7,459"
31606,Sunshine Coast Hinterland,"9,707"
31607,Nambour,"8,903"
31608,Noosa Hinterland,"4,324"
31701,Toowoomba,"23,277"
31801,Charters Towers - Ayr - Ingham,"3,279"
31802,Townsville,"29,900"
31901,Bundaberg,"12,201"
31902,Burnett,"4,681"
31903,Gympie - Cooloola,"7,080"
31904,Hervey Bay,"9,706"
31905,Maryborough,"8,310"
40101,Adelaide City,"4,114"
40102,Adelaide Hills,"10,614"
40103,Burnside,"5,845"
40104,Campbelltown (SA),"6,595"
40105,Norwood - Payneham - St Peters,"5,109"
40106,Prospect - Walkerville,"3,925"
40107,Unley,"5,726"
40201,Gawler - Two Wells,"5,297"
40202,Playford,"16,737"
40203,Port Adelaide - East,"9,745"
40204,Salisbury,"20,719"
40205,Tea Tree Gully,"14,360"
40301,Holdfast Bay,"5,063"
40302,Marion,"13,914"
40303,Mitcham,"9,578"
40304,Onkaparinga,"31,681"
40401,Charles Sturt,"15,748"
40402,Port Adelaide - West,"8,690"
40403,West Torrens,"8,125"
40501,Barossa,"4,904"
40502,Lower North,"1,797"
40503,Mid North,"2,023"
40504,Yorke Peninsula,"2,269"
40601,Eyre Peninsula and South West,"3,928"
40602,Outback - North and East,"1,392"
40701,Fleurieu - Kangaroo Island,"8,242"
40702,Limestone Coast,"6,936"
40703,Murray and Mallee,"7,945"
50101,Augusta - Margaret River - Busselton,"7,051"
50102,Bunbury,"12,443"
50103,Manjimup,"2,476"
50201,Mandurah,"13,319"
50301,Cottesloe - Claremont,"9,208"
50302,Perth City,"15,200"
50401,Bayswater - Bassendean,"10,395"
50402,Mundaring,"6,361"
50403,Swan,"18,641"
50501,Joondalup,"22,014"
50502,Stirling,"24,283"
50503,Wanneroo,"29,170"
50601,Armadale,"10,960"
50602,Belmont - Victoria Park,"7,624"
50603,Canning,"9,481"
50604,Gosnells,"14,465"
50605,Kalamunda,"8,101"
50606,Serpentine - Jarrahdale,"3,268"
50607,South Perth,"4,866"
50701,Cockburn,"13,674"
50702,Fremantle,"6,897"
50703,Kwinana,"5,160"
50704,Melville,"13,351"
50705,Rockingham,"17,539"
50901,Albany,"6,470"
50902,Wheat Belt - North,"5,044"
50903,Wheat Belt - South,"1,538"
51001,Kimberley,"1,983"
51002,East Pilbara,990
51003,West Pilbara,"1,722"
51101,Esperance,"1,033"
51102,Gascoyne,238
51103,Goldfields,"2,448"
51104,Mid West,"4,534"
60101,Brighton,"2,322"
60102,Hobart - North East,"8,735"
60103,Hobart - North West,"8,242"
60104,Hobart - South and West,"5,662"
60105,Hobart Inner,"9,100"
60106,Sorell - Dodges Ferry,"2,815"
60201,Launceston,"10,567"
60202,Meander Valley - West Tamar,"2,718"
60203,North East,"3,417"
60301,Central Highlands (Tas.),"1,733"
60302,Huon - Bruny Island,"2,937"
60303,South East Coast,690
60401,Burnie - Ulverstone,"7,163"
60402,Devonport,"5,892"
60403,West Coast,"1,611"
70101,Darwin City,"2,339"
70102,Darwin Suburbs,"4,464"
70103,Litchfield,"1,668"
70104,Palmerston,"2,502"
70201,Alice Springs,"2,369"
70202,Barkly,162
70203,Daly - Tiwi - West Arnhem,422
70204,East Arnhem,288
70205,Katherine,392
80101,Belconnen,"13,173"
80103,Canberra East,225
80104,Gungahlin,"7,963"
80105,North Canberra,"7,567"
80106,South Canberra,"3,539"
80107,Tuggeranong,"10,843"
80108,Weston Creek,"2,645"
80109,Woden Valley,"4,037"
80110,Molonglo,528
80111,Urriarra - Namadgi,71
90101,Christmas Island,10
90103,Jervis Bay,63
90104,Norfolk Island,46
